{
  "n_lines": 8,
  "proj_vals": [
    1252.3822315089337,
    1430.3312698816765,
    1437.0135976183967,
    1504.8213838175948,
    1648.8879548190969,
    1658.9307484477965,
    1679.0179175410576,
    1681.6768904417916
  ],
  "gaps": [
    177.94903837274273,
    6.682327736720254,
    67.80778619919806,
    144.0665710015021,
    10.042793628699656,
    20.087169093261082,
    2.658972900733943
  ],
  "median_gaps_right": 15.064981360980369,
  "median_gaps_left": 43.94747764622957,
  "img_span": 4719.7759480721115,
  "cluster_gap": 117.9943987018028,
  "left_is_outlier": true,
  "right_is_outlier": false,
  "cluster_width": 251.3456205601151,
  "expansion_margin": 75.40368616803453,
  "final_sep": 486.43528695987334,
  "left_proj": 1252.3822315089337,
  "right_proj": 1738.817518468807,
  "left_cl_size": 3,
  "right_cl_size": 4,
  "fallback_used": false
}