{
  "n_lines": 6,
  "proj_vals": [
    1920.2707864835265,
    1984.6738992589376,
    2004.0225646637434,
    2007.4802680744892,
    2175.425311495763,
    2224.916525404136
  ],
  "gaps": [
    64.40311277541105,
    19.348665404805843,
    3.4577034107458076,
    167.94504342127357,
    49.49121390837308
  ],
  "median_gaps_right": 34.41993965658946,
  "median_gaps_left": 41.875889090108444,
  "img_span": 5058.346073569897,
  "cluster_gap": 126.45865183924744,
  "left_is_outlier": false,
  "right_is_outlier": false,
  "cluster_width": 304.64573892060935,
  "expansion_margin": 91.3937216761828,
  "final_sep": 404.1148462762583,
  "left_proj": 1887.6708429831508,
  "right_proj": 2291.785689259409,
  "left_cl_size": 4,
  "right_cl_size": 2,
  "fallback_used": false
}