{
  "n_lines": 13,
  "proj_vals": [
    668.5812866732255,
    706.0547563819383,
    710.6049808533149,
    712.5916248537728,
    838.3047101666751,
    838.956346752888,
    847.1806949926563,
    847.224024636105,
    847.9539255572281,
    990.7097574157979,
    994.9419186095831,
    998.884543638318,
    1025.4463614779813
  ],
  "gaps": [
    37.473469708712855,
    4.550224471376623,
    1.9866440004578862,
    125.71308531290231,
    0.6516365862128168,
    8.224348239768347,
    0.043329643448714705,
    0.7299009211230896,
    142.75583185856976,
    4.2321611937852595,
    3.942625028734824,
    26.561817839663377
  ],
  "median_gaps_right": 4.2321611937852595,
  "median_gaps_left": 4.2321611937852595,
  "img_span": 4826.770763150038,
  "cluster_gap": 120.66926907875096,
  "left_is_outlier": true,
  "right_is_outlier": true,
  "cluster_width": 292.82978725637963,
  "expansion_margin": 0.0,
  "final_sep": 356.86507480475586,
  "left_proj": 668.5812866732255,
  "right_proj": 1025.4463614779813,
  "left_cl_size": 3,
  "right_cl_size": 3,
  "fallback_used": false
}