{
  "n_lines": 10,
  "proj_vals": [
    1314.3274072547417,
    1337.242951257818,
    1521.3880746084512,
    1529.7958721546622,
    1530.7107963439223,
    1671.6431477671863,
    1672.9011580769807,
    1679.6233727003346,
    1680.7856968036076,
    1687.5911570757703
  ],
  "gaps": [
    22.91554400307632,
    184.14512335063318,
    8.407797546210986,
    0.9149241892600912,
    140.93235142326398,
    1.258010309794372,
    6.722214623353921,
    1.162324103273022,
    6.805460272162691
  ],
  "median_gaps_right": 6.763837447758306,
  "median_gaps_left": 7.565006084782453,
  "img_span": 5180.522463999167,
  "cluster_gap": 129.51306159997918,
  "left_is_outlier": true,
  "right_is_outlier": false,
  "cluster_width": 350.34820581795225,
  "expansion_margin": 105.10446174538568,
  "final_sep": 469.2843323024665,
  "left_proj": 1314.3274072547417,
  "right_proj": 1783.6117395572082,
  "left_cl_size": 1,
  "right_cl_size": 5,
  "fallback_used": false
}