{
  "n_lines": 11,
  "proj_vals": [
    1416.9408739246785,
    1514.7417894050793,
    1576.5474961599564,
    1578.0754282610897,
    1611.8716234220158,
    1720.1867928324687,
    1722.3575082225816,
    1729.5975130642346,
    1798.2559403661667,
    1809.515213354727,
    1996.1682725270437
  ],
  "gaps": [
    97.80091548040082,
    61.805706754877065,
    1.527932101133274,
    33.79619516092612,
    108.31516941045288,
    2.170715390112946,
    7.24000484165299,
    68.65842730193208,
    11.25927298856027,
    186.65305917231672
  ],
  "median_gaps_right": 33.79619516092612,
  "median_gaps_left": 33.79619516092612,
  "img_span": 5079.400948930887,
  "cluster_gap": 126.98502372327219,
  "left_is_outlier": true,
  "right_is_outlier": true,
  "cluster_width": 294.7734239496476,
  "expansion_margin": 0.0,
  "final_sep": 579.2273986023652,
  "left_proj": 1416.9408739246785,
  "right_proj": 1996.1682725270437,
  "left_cl_size": 9,
  "right_cl_size": 9,
  "fallback_used": false
}