{
  "n_lines": 6,
  "proj_vals": [
    2387.1521752579474,
    2390.305729871431,
    2585.397362566037,
    2686.878413541389,
    2778.020392861717,
    2778.8007057217524
  ],
  "gaps": [
    3.1535546134837205,
    195.09163269460578,
    101.48105097535199,
    91.14197932032812,
    0.7803128600353375
  ],
  "median_gaps_right": 96.31151514784005,
  "median_gaps_left": 96.31151514784005,
  "img_span": 5162.006296005459,
  "cluster_gap": 129.0501574001365,
  "left_is_outlier": false,
  "right_is_outlier": false,
  "cluster_width": 391.64853046380495,
  "expansion_margin": 117.49455913914147,
  "final_sep": 544.8641752341482,
  "left_proj": 2270.9217925302905,
  "right_proj": 2815.7859677644387,
  "left_cl_size": 2,
  "right_cl_size": 4,
  "fallback_used": false
}