{
  "n_lines": 9,
  "proj_vals": [
    983.3604452890125,
    988.0278034550727,
    997.4791145072384,
    1009.1602575165801,
    1023.0755042023782,
    1026.2946425685475,
    1043.2350512708026,
    1140.9948094386268,
    1147.4161477804173
  ],
  "gaps": [
    4.667358166060126,
    9.451311052165693,
    11.681143009341781,
    13.915246685798024,
    3.219138366169318,
    16.940408702255127,
    97.7597581678242,
    6.421338341790488
  ],
  "median_gaps_right": 11.681143009341781,
  "median_gaps_left": 11.681143009341781,
  "img_span": 5060.2811186731515,
  "cluster_gap": 126.50702796682879,
  "small_margin": 91.08506013611672,
  "left_is_outlier": false,
  "right_is_outlier": false,
  "left_outlier_rejected": false,
  "right_outlier_rejected": false,
  "inner_width": 164.05570249140476,
  "expansion_margin": 91.08506013611672,
  "final_sep": 340.5472609494316,
  "left_proj": 895.1076335873252,
  "right_proj": 1235.6548945367567,
  "left_cl_size": 9,
  "right_cl_size": 9,
  "expansion_strategy": "extreme",
  "fallback_used": false
}