{
  "n_lines": 14,
  "proj_vals": [
    532.7325814436186,
    598.6516501641854,
    599.3409279675731,
    606.7431008200994,
    608.0293674668133,
    613.0813821949613,
    677.9005849018711,
    703.3396164311848,
    756.0760623539093,
    759.2067239925241,
    764.3059464499146,
    764.4068864265678,
    964.0857391585181,
    1031.954240516818
  ],
  "gaps": [
    65.91906872056677,
    0.6892778033876539,
    7.4021728525262915,
    1.286266646713898,
    5.052014728148038,
    64.81920270690978,
    25.439031529313752,
    52.73644592272444,
    3.1306616386148107,
    5.0992224573905105,
    0.10093997665319421,
    199.67885273195031,
    67.8685013582998
  ],
  "median_gaps_right": 6.250697654958401,
  "median_gaps_left": 6.250697654958401,
  "img_span": 5565.035938787817,
  "cluster_gap": 139.12589846969544,
  "left_is_outlier": true,
  "right_is_outlier": true,
  "cluster_width": 365.4340889943327,
  "expansion_margin": 0.0,
  "final_sep": 499.22165907319925,
  "left_proj": 532.7325814436186,
  "right_proj": 1031.954240516818,
  "left_cl_size": 11,
  "right_cl_size": 1,
  "fallback_used": false
}