Model,Test Acc,Macro F1
MobileNetV3-Large,0.9777777777777777,0.9707792207792207
ShuffleNetV2-x1.0,0.9777777777777777,0.9707792207792207
MobileNetV3-Small,0.8888888888888888,0.9027358058608059
